Дата,Категория,Регион,Объем_потерь_кг
2020-08-31,зерновые,север,728.0
2024-02-29,овощи,юг,196.0
2018-06-30,молочные продукты,запад,748.0
2021-11-30,фрукты,восток,0.0
2018-10-31,зерновые,восток,690.0
2020-09-30,овощи,восток,473.0
2024-11-30,зерновые,запад,404.0
2022-12-31,фрукты,восток,140.0
2021-01-31,зерновые,восток,115.0
2019-04-30,зерновые,восток,669.0
2018-11-30,зерновые,север,728.0
2023-08-31,фрукты,запад,925.0
2023-03-31,фрукты,юг,0.0
2023-10-31,зерновые,восток,0.0
2021-10-31,мясо,север,351.0
2022-11-30,овощи,юг,0.0
2018-12-31,молочные продукты,запад,12354.0
2019-04-30,зерновые,юг,336.0
2022-06-30,овощи,восток,414.0
2020-07-31,зерновые,юг,314.0
2018-03-31,зерновые,юг,164.0
2024-04-30,молочные продукты,север,368.0
2018-06-30,овощи,восток,0.0
2023-03-31,мясо,юг,0.0
2018-05-31,овощи,север,461.0
2018-09-30,мясо,запад,265.0
2018-05-31,мясо,восток,614.0
2021-02-28,мясо,запад,958.0
2021-12-31,фрукты,юг,12352.0
2018-10-31,овощи,север,203.0
2023-11-30,молочные продукты,восток,225.0
2024-06-30,овощи,север,99.0
2023-05-31,зерновые,север,72.0
2019-11-30,мясо,юг,14217.0
2024-09-30,зерновые,запад,253.0
2018-07-31,молочные продукты,юг,0.0
2022-04-30,фрукты,восток,0.0
2023-11-30,овощи,север,722.0
2019-07-31,мясо,север,326.0
2019-04-30,фрукты,юг,77.0
2020-09-30,мясо,запад,0.0
2021-05-31,овощи,запад,169.0
2018-04-30,зерновые,восток,564.0
2019-05-31,мясо,восток,105.0
2018-10-31,молочные продукты,север,0.0
2023-06-30,мясо,восток,342.0
2018-09-30,молочные продукты,север,246.0
2023-03-31,зерновые,север,0.0
2018-10-31,фрукты,север,306.0
2024-10-31,молочные продукты,запад,0.0
2022-10-31,фрукты,запад,548.0
2022-05-31,молочные продукты,восток,0.0
2022-11-30,фрукты,юг,0.0
2021-05-31,фрукты,север,797.0
2023-05-31,мясо,север,202.0
2018-10-31,мясо,запад,823.0
2022-06-30,мясо,восток,820.0
2024-02-29,молочные продукты,восток,0.0
2023-07-31,зерновые,юг,245.0
2019-04-30,овощи,юг,182.0
2021-05-31,зерновые,восток,324.0
2024-08-31,зерновые,восток,419.0
2022-07-31,мясо,север,825.0
2019-10-31,зерновые,юг,0.0
2018-10-31,зерновые,юг,943.0
2021-01-31,молочные продукты,юг,531.0
2024-11-30,фрукты,восток,540.0
2024-06-30,овощи,запад,858.0
2022-01-31,зерновые,юг,558.0
2022-11-30,овощи,север,285.0
2021-12-31,фрукты,запад,236.0
2019-06-30,фрукты,север,0.0
2018-08-31,зерновые,запад,265.0
2021-09-30,зерновые,запад,986.0
2023-07-31,зерновые,восток,473.0
2024-06-30,мясо,юг,63.0
2020-03-31,фрукты,север,64.0
2019-04-30,мясо,север,520.0
2019-06-30,мясо,запад,718.0
2019-07-31,зерновые,восток,0.0
2018-05-31,фрукты,запад,684.0
2022-01-31,зерновые,юг,0.0
2023-12-31,фрукты,север,232.0
2020-02-29,фрукты,юг,0.0
2020-11-30,овощи,север,667.0
2024-10-31,мясо,запад,4.0
2018-11-30,зерновые,восток,840.0
2018-08-31,зерновые,запад,0.0
2018-01-31,молочные продукты,восток,607.0
2021-05-31,фрукты,восток,998.0
2021-05-31,овощи,север,186.0
2023-05-31,зерновые,юг,803.0
2018-03-31,мясо,север,311.0
2023-02-28,мясо,восток,111.0
2022-11-30,молочные продукты,юг,954.0
2023-05-31,молочные продукты,юг,91.0
2022-06-30,овощи,запад,448.0
2021-12-31,зерновые,север,521.0
2022-05-31,зерновые,запад,0.0
2018-01-31,молочные продукты,запад,498.0
2023-06-30,фрукты,запад,90.0
2019-05-31,молочные продукты,север,0.0
2018-03-31,фрукты,юг,452.0
2022-03-31,зерновые,восток,919.0
2019-07-31,молочные продукты,восток,933.0
2022-02-28,зерновые,запад,925.0
2019-07-31,молочные продукты,восток,651.0
2024-04-30,фрукты,восток,0.0
2020-10-31,неправильная категория,север,19333.0
2024-09-30,мясо,север,587.0
2020-05-31,мясо,запад,0.0
2024-02-29,фрукты,север,0.0
2021-08-31,молочные продукты,юг,0.0
2022-06-30,молочные продукты,север,277.0
2021-06-30,молочные продукты,восток,0.0
2023-09-30,мясо,запад,940.0
2024-04-30,овощи,восток,0.0
2022-06-30,молочные продукты,восток,19975.0
2024-12-31,молочные продукты,юг,189.0
2023-12-31,фрукты,восток,0.0
2021-03-31,молочные продукты,запад,161.0
2020-09-30,овощи,юг,282.0
2023-07-31,молочные продукты,север,935.0
2021-04-30,мясо,восток,404.0
2022-06-30,зерновые,запад,884.0
2024-12-31,молочные продукты,запад,0.0
2018-08-31,молочные продукты,север,55.0
2022-03-31,молочные продукты,запад,36.0
2023-11-30,фрукты,юг,188.0
2023-06-30,молочные продукты,восток,516.0
2024-07-31,овощи,запад,944.0
2023-06-30,зерновые,восток,829.0
2022-07-31,фрукты,север,241.0
2023-04-30,фрукты,юг,828.0
2023-07-31,зерновые,север,748.0
2019-07-31,мясо,север,0.0
2019-06-30,фрукты,запад,0.0
2019-11-30,фрукты,запад,11167.0
2022-10-31,фрукты,юг,0.0
2020-04-30,зерновые,восток,471.0
2024-08-31,молочные продукты,восток,0.0
2018-01-31,фрукты,север,305.0
2023-05-31,фрукты,юг,0.0
2024-04-30,мясо,восток,935.0
2023-06-30,фрукты,юг,161.0
2019-07-31,овощи,запад,392.0
2024-09-30,молочные продукты,юг,569.0
2020-05-31,овощи,запад,68.0
2021-04-30,молочные продукты,север,0.0
2023-06-30,фрукты,юг,771.0
2024-10-31,овощи,запад,0.0
2022-06-30,мясо,запад,776.0
2023-07-31,мясо,север,164.0
2023-04-30,фрукты,юг,767.0
2022-01-31,зерновые,запад,608.0
2019-07-31,молочные продукты,юг,67.0
2021-06-30,овощи,юг,551.0
2019-11-30,мясо,юг,311.0
2018-09-30,зерновые,восток,414.0
2023-10-31,молочные продукты,север,744.0
2020-11-30,овощи,юг,301.0
2023-06-30,неправильная категория,восток,18029.0
2019-09-30,зерновые,восток,783.0
2021-06-30,фрукты,восток,701.0
2019-05-31,овощи,восток,877.0
2019-04-30,мясо,запад,125.0
2019-06-30,молочные продукты,запад,0.0
2020-01-31,мясо,восток,486.0
2023-11-30,зерновые,север,717.0
2020-04-30,фрукты,север,644.0
2019-02-28,молочные продукты,юг,102.0
2022-05-31,фрукты,запад,245.0
2019-08-31,молочные продукты,север,0.0
2019-10-31,зерновые,восток,479.0
2020-04-30,фрукты,юг,0.0
2023-10-31,молочные продукты,юг,328.0
2024-03-31,фрукты,юг,0.0
2019-03-31,зерновые,восток,211.0
2024-12-31,фрукты,восток,254.0
2019-03-31,фрукты,юг,949.0
2020-09-30,зерновые,восток,62.0
2022-03-31,фрукты,север,0.0
2023-10-31,фрукты,север,405.0
2019-12-31,зерновые,север,0.0
2023-10-31,мясо,север,826.0
2023-07-31,овощи,север,0.0
2024-05-31,фрукты,восток,0.0
2018-02-28,молочные продукты,восток,563.0
2023-12-31,зерновые,юг,464.0
2024-08-31,овощи,восток,0.0
2021-11-30,зерновые,север,556.0
2018-12-31,зерновые,восток,523.0
2020-05-31,зерновые,юг,182.0
2024-08-31,мясо,север,0.0
2021-09-30,мясо,запад,0.0
2023-12-31,мясо,север,180.0
2020-03-31,зерновые,север,101.0
2023-03-31,фрукты,запад,985.0
2023-07-31,мясо,запад,831.0
2024-04-30,овощи,восток,887.0
2020-03-31,овощи,восток,344.0
2018-12-31,мясо,запад,148.0
2022-03-31,неправильная категория,север,206.0
2022-02-28,зерновые,восток,263.0
2023-04-30,молочные продукты,север,393.0
2022-06-30,зерновые,юг,12255.0
2021-08-31,мясо,восток,534.0
2021-04-30,фрукты,юг,918.0
2021-12-31,овощи,запад,928.0
2019-09-30,овощи,юг,182.0
2024-07-31,фрукты,восток,225.0
2019-05-31,овощи,запад,830.0
2022-03-31,фрукты,север,824.0
2019-12-31,фрукты,запад,320.0
2020-12-31,молочные продукты,восток,293.0
2024-10-31,зерновые,запад,0.0
2023-06-30,фрукты,север,102.0
2021-03-31,зерновые,юг,97.0
2019-09-30,мясо,юг,102.0
2019-08-31,овощи,запад,781.0
2022-05-31,овощи,юг,354.0
2024-03-31,молочные продукты,восток,714.0
2023-02-28,зерновые,запад,709.0
2019-08-31,молочные продукты,юг,49.0
2023-06-30,зерновые,север,346.0
2018-02-28,овощи,восток,196.0
2020-04-30,зерновые,восток,318.0
2024-08-31,зерновые,север,664.0
2018-12-31,молочные продукты,юг,0.0
2021-08-31,молочные продукты,север,173.0
2018-05-31,мясо,восток,966.0
2019-08-31,фрукты,восток,0.0
2019-09-30,зерновые,восток,561.0
2018-04-30,мясо,север,876.0
2020-07-31,мясо,юг,0.0
2024-12-31,овощи,восток,0.0
2024-07-31,фрукты,восток,956.0
2022-07-31,мясо,восток,650.0
2022-10-31,зерновые,юг,55.0
2020-04-30,молочные продукты,восток,297.0
2023-12-31,зерновые,восток,915.0
2020-04-30,мясо,север,511.0
2021-07-31,молочные продукты,запад,39.0
2020-10-31,молочные продукты,восток,252.0
2021-04-30,зерновые,восток,674.0
2022-02-28,молочные продукты,юг,401.0
2021-03-31,молочные продукты,юг,193.0
2018-03-31,молочные продукты,юг,215.0
2019-12-31,овощи,запад,895.0
2021-11-30,мясо,север,802.0
2024-01-31,мясо,север,297.0
2022-06-30,молочные продукты,запад,637.0
2020-08-31,зерновые,запад,714.0
2020-01-31,молочные продукты,север,551.0
2022-08-31,неправильная категория,восток,909.0
2018-10-31,мясо,запад,92.0
2020-01-31,молочные продукты,восток,289.0
2022-08-31,молочные продукты,север,0.0
2021-08-31,молочные продукты,восток,706.0
2020-10-31,зерновые,север,340.0
2023-02-28,зерновые,север,723.0
2022-09-30,зерновые,юг,193.0
2021-04-30,молочные продукты,север,178.0
2023-09-30,молочные продукты,запад,548.0
2021-09-30,овощи,север,610.0
2020-11-30,мясо,запад,332.0
2019-11-30,зерновые,восток,921.0
2023-10-31,зерновые,восток,280.0
2020-03-31,мясо,юг,624.0
2018-09-30,мясо,север,247.0
2024-01-31,молочные продукты,север,235.0
2021-05-31,мясо,восток,645.0
2019-11-30,овощи,восток,0.0
2022-10-31,фрукты,запад,0.0
2020-08-31,мясо,север,330.0
2020-01-31,мясо,запад,60.0
2020-02-29,фрукты,север,887.0
2020-07-31,фрукты,запад,637.0
2024-08-31,зерновые,запад,0.0
2024-12-31,фрукты,запад,953.0
2024-12-31,молочные продукты,запад,201.0
2019-11-30,зерновые,юг,0.0
2022-01-31,молочные продукты,север,844.0
2021-07-31,овощи,север,620.0
2024-09-30,фрукты,север,0.0
2021-10-31,зерновые,север,823.0
2020-11-30,мясо,запад,0.0
2019-09-30,молочные продукты,юг,399.0
2022-03-31,молочные продукты,запад,600.0
2024-02-29,неправильная категория,восток,29.0
2021-11-30,фрукты,север,74.0
2019-08-31,мясо,север,468.0
2021-08-31,мясо,восток,373.0
2024-01-31,фрукты,юг,400.0
2023-02-28,овощи,восток,0.0
2021-01-31,фрукты,юг,881.0
2024-07-31,фрукты,запад,984.0
2022-09-30,фрукты,юг,370.0
2024-04-30,молочные продукты,север,139.0
2021-07-31,молочные продукты,восток,965.0
2021-02-28,зерновые,восток,0.0
2019-08-31,мясо,запад,0.0
2018-05-31,молочные продукты,запад,299.0
2024-02-29,молочные продукты,север,697.0
2019-09-30,молочные продукты,юг,821.0
2020-08-31,зерновые,юг,837.0
2018-06-30,мясо,север,370.0
2020-05-31,мясо,север,0.0
2020-07-31,фрукты,восток,0.0
2022-11-30,фрукты,юг,848.0
2022-06-30,молочные продукты,север,0.0
2018-08-31,молочные продукты,восток,703.0
2024-02-29,овощи,восток,159.0
2018-07-31,мясо,восток,8.0
2018-05-31,зерновые,юг,72.0
2021-12-31,фрукты,восток,0.0
2024-05-31,молочные продукты,север,524.0
2020-03-31,мясо,восток,610.0
2019-08-31,мясо,юг,665.0
2018-02-28,овощи,север,405.0
2019-03-31,молочные продукты,запад,0.0
2020-06-30,фрукты,запад,947.0
2020-08-31,мясо,восток,228.0
2020-12-31,фрукты,север,46.0
2022-01-31,зерновые,запад,0.0
2018-05-31,зерновые,запад,475.0
2018-02-28,фрукты,восток,0.0
2022-03-31,молочные продукты,запад,790.0
2021-04-30,молочные продукты,север,808.0
2022-09-30,зерновые,север,828.0
2021-08-31,овощи,юг,0.0
2019-01-31,овощи,запад,350.0
2022-12-31,зерновые,север,377.0
2019-06-30,неправильная категория,юг,166.0
2021-06-30,зерновые,север,479.0
2018-05-31,мясо,восток,796.0
2020-03-31,мясо,север,0.0
2024-11-30,фрукты,юг,431.0
2020-02-29,фрукты,север,799.0
2019-07-31,мясо,север,781.0
2024-01-31,зерновые,юг,229.0
2019-11-30,мясо,юг,0.0
2020-02-29,овощи,запад,102.0
2018-01-31,мясо,запад,99.0
2024-01-31,фрукты,север,0.0
2023-11-30,фрукты,восток,132.0
2024-06-30,мясо,север,163.0
2024-08-31,овощи,юг,0.0
2018-11-30,овощи,запад,0.0
2022-10-31,фрукты,юг,646.0
2022-06-30,мясо,юг,0.0
2021-01-31,овощи,восток,494.0
2019-10-31,мясо,юг,560.0
2024-05-31,мясо,запад,635.0
2020-04-30,овощи,север,807.0
2023-08-31,овощи,восток,0.0
2022-10-31,овощи,восток,735.0
2024-02-29,фрукты,восток,0.0
2020-06-30,молочные продукты,юг,0.0
2022-10-31,мясо,запад,97.0
2020-01-31,молочные продукты,восток,419.0
2023-05-31,зерновые,запад,493.0
2020-01-31,зерновые,восток,461.0
2020-02-29,фрукты,север,432.0
2020-04-30,овощи,север,0.0
2020-06-30,неправильная категория,север,84.0
2024-05-31,зерновые,запад,285.0
2024-04-30,овощи,запад,849.0
2019-11-30,мясо,юг,836.0
2024-08-31,овощи,запад,465.0
2024-05-31,молочные продукты,юг,49.0
2018-04-30,молочные продукты,юг,0.0
2022-09-30,зерновые,запад,263.0
2022-07-31,зерновые,запад,268.0
2019-11-30,мясо,запад,610.0
2020-10-31,фрукты,запад,0.0
2018-12-31,молочные продукты,восток,429.0
2019-06-30,фрукты,юг,0.0
2021-11-30,овощи,запад,281.0
2023-07-31,мясо,север,517.0
2023-10-31,мясо,восток,564.0
2019-11-30,овощи,юг,743.0
2018-03-31,молочные продукты,юг,916.0
2022-11-30,зерновые,запад,754.0
2019-07-31,молочные продукты,север,467.0
2022-08-31,фрукты,восток,649.0
2021-04-30,мясо,восток,0.0
2023-09-30,фрукты,юг,798.0
2020-03-31,молочные продукты,восток,0.0
2022-02-28,молочные продукты,восток,150.0
2019-02-28,овощи,запад,101.0
2018-09-30,мясо,запад,0.0
2020-05-31,овощи,юг,203.0
2023-12-31,мясо,запад,0.0
2024-06-30,овощи,север,761.0
2024-07-31,зерновые,север,0.0
2019-08-31,зерновые,север,785.0
2022-04-30,зерновые,юг,741.0
2019-03-31,зерновые,север,565.0
2021-01-31,фрукты,север,77.0
2022-12-31,молочные продукты,восток,121.0
2022-07-31,овощи,север,252.0
2022-03-31,зерновые,запад,637.0
2022-04-30,мясо,юг,942.0
2022-01-31,мясо,восток,85.0
2023-11-30,мясо,восток,249.0
2021-05-31,зерновые,восток,371.0
2024-02-29,мясо,север,301.0
2024-10-31,зерновые,восток,269.0
2024-09-30,молочные продукты,запад,349.0
2020-08-31,зерновые,юг,12911.0
2019-07-31,зерновые,юг,0.0
2021-09-30,зерновые,запад,0.0
2022-06-30,овощи,восток,199.0
2018-05-31,фрукты,восток,862.0
2020-07-31,овощи,север,80.0
2018-09-30,овощи,восток,87.0
2023-02-28,овощи,запад,540.0
2023-06-30,мясо,юг,10272.0
2018-05-31,фрукты,север,107.0
2024-09-30,зерновые,север,468.0
2018-10-31,фрукты,юг,404.0
2023-08-31,мясо,восток,0.0
2018-11-30,молочные продукты,север,157.0
2020-12-31,овощи,восток,925.0
2023-04-30,молочные продукты,восток,306.0
2020-12-31,зерновые,запад,710.0
2024-05-31,молочные продукты,север,275.0
2024-08-31,овощи,восток,854.0
2024-02-29,молочные продукты,север,0.0
2021-07-31,зерновые,юг,402.0
2021-11-30,зерновые,запад,0.0
2021-09-30,овощи,восток,62.0
2024-03-31,мясо,север,877.0
2021-10-31,молочные продукты,восток,77.0
2018-06-30,молочные продукты,север,451.0
2022-01-31,мясо,восток,349.0
2022-07-31,зерновые,север,143.0
2020-02-29,овощи,восток,646.0
2018-09-30,овощи,восток,490.0
2020-11-30,овощи,восток,285.0
2019-02-28,зерновые,юг,804.0
2024-04-30,мясо,запад,0.0
2022-09-30,молочные продукты,юг,0.0
2019-02-28,фрукты,запад,649.0
2018-04-30,молочные продукты,север,0.0
2023-11-30,неправильная категория,юг,357.0
2021-09-30,зерновые,запад,663.0
2023-02-28,зерновые,север,207.0
2023-08-31,овощи,запад,47.0
2018-05-31,зерновые,север,398.0
2020-12-31,молочные продукты,юг,663.0
2020-10-31,мясо,юг,619.0
2020-05-31,овощи,запад,0.0
2021-01-31,фрукты,юг,116.0
2023-07-31,зерновые,юг,222.0
2022-08-31,фрукты,запад,169.0
2024-03-31,зерновые,юг,785.0
2020-03-31,мясо,восток,506.0
2020-12-31,молочные продукты,восток,48.0
2024-03-31,овощи,восток,575.0
2021-01-31,зерновые,север,0.0
2022-11-30,мясо,север,825.0
2022-02-28,мясо,север,719.0
2021-03-31,неправильная категория,восток,627.0
2024-06-30,мясо,запад,375.0
2019-03-31,молочные продукты,юг,811.0
2018-10-31,зерновые,юг,0.0
2019-12-31,зерновые,запад,256.0
2018-10-31,мясо,юг,824.0
2024-07-31,мясо,юг,0.0
2018-11-30,овощи,запад,934.0
2021-03-31,овощи,север,233.0
2023-12-31,мясо,запад,306.0
2023-11-30,мясо,восток,177.0
2022-06-30,молочные продукты,запад,577.0
2019-01-31,фрукты,юг,0.0
2019-05-31,молочные продукты,север,738.0
2022-11-30,неправильная категория,юг,620.0
2023-11-30,зерновые,север,0.0
2019-06-30,мясо,север,832.0
2020-06-30,мясо,юг,338.0
2019-05-31,молочные продукты,восток,0.0
2021-07-31,фрукты,юг,107.0
2024-07-31,овощи,запад,919.0
2022-12-31,зерновые,юг,628.0
2019-02-28,мясо,восток,0.0
2021-08-31,молочные продукты,север,250.0
2023-02-28,овощи,юг,527.0
2023-08-31,фрукты,юг,285.0
2018-10-31,овощи,юг,801.0
2019-05-31,мясо,север,775.0
2019-05-31,зерновые,юг,0.0
2022-05-31,фрукты,запад,772.0
2021-04-30,зерновые,юг,778.0
2018-11-30,молочные продукты,восток,859.0
2023-06-30,фрукты,восток,471.0
2019-11-30,фрукты,запад,718.0
2022-03-31,фрукты,север,206.0
2022-02-28,фрукты,восток,0.0
2023-10-31,овощи,север,0.0
2021-08-31,овощи,запад,741.0
2019-05-31,овощи,юг,639.0
2020-12-31,овощи,север,319.0
2019-03-31,овощи,север,0.0
2023-02-28,зерновые,запад,622.0
2023-06-30,фрукты,юг,387.0
2022-08-31,молочные продукты,запад,263.0
2020-02-29,зерновые,север,0.0
2023-09-30,неправильная категория,запад,793.0
2021-05-31,зерновые,запад,197.0
2024-05-31,зерновые,запад,371.0
2024-09-30,молочные продукты,восток,336.0
2019-02-28,молочные продукты,запад,380.0
2022-01-31,зерновые,восток,167.0
2024-11-30,мясо,север,417.0
2023-07-31,мясо,восток,664.0
2023-05-31,фрукты,север,589.0
2021-12-31,молочные продукты,восток,312.0
2023-04-30,зерновые,восток,953.0
2020-05-31,мясо,запад,759.0
2020-03-31,зерновые,юг,80.0
2020-09-30,зерновые,восток,572.0
2018-12-31,овощи,север,0.0
2021-03-31,мясо,восток,294.0
2019-10-31,мясо,восток,921.0
2018-05-31,фрукты,восток,362.0
2020-06-30,молочные продукты,юг,59.0
2018-06-30,зерновые,север,0.0
2018-07-31,молочные продукты,север,855.0
2022-07-31,мясо,запад,383.0
2022-08-31,неправильная категория,запад,0.0
2021-09-30,зерновые,север,804.0
2020-11-30,мясо,восток,625.0
2020-04-30,зерновые,юг,0.0
2020-12-31,зерновые,север,966.0
2020-11-30,молочные продукты,восток,707.0
2020-08-31,молочные продукты,север,363.0
2021-08-31,мясо,восток,310.0
2023-04-30,зерновые,юг,0.0
2023-04-30,молочные продукты,восток,507.0
2020-11-30,мясо,запад,3.0
2022-05-31,молочные продукты,запад,0.0
2022-06-30,молочные продукты,север,783.0
2019-04-30,зерновые,запад,131.0
2022-02-28,молочные продукты,юг,0.0
2022-11-30,зерновые,юг,757.0
2022-04-30,овощи,юг,747.0
2018-01-31,зерновые,запад,10.0
2024-05-31,овощи,юг,466.0
2021-04-30,овощи,север,384.0
2021-05-31,молочные продукты,запад,313.0
2019-12-31,молочные продукты,юг,982.0
2019-10-31,овощи,запад,392.0
2018-02-28,мясо,восток,0.0
2021-10-31,зерновые,восток,0.0
2022-05-31,фрукты,запад,0.0
2019-09-30,зерновые,юг,879.0
2024-06-30,молочные продукты,восток,918.0
2018-11-30,неправильная категория,восток,840.0
2018-04-30,фрукты,восток,302.0
2021-07-31,зерновые,запад,264.0
2023-08-31,фрукты,север,0.0
2023-04-30,молочные продукты,восток,740.0
2020-04-30,молочные продукты,юг,776.0
2024-11-30,фрукты,восток,63.0
2021-01-31,зерновые,восток,178.0
2021-07-31,зерновые,юг,0.0
2023-09-30,фрукты,восток,0.0
2019-04-30,мясо,запад,464.0
2020-02-29,овощи,север,0.0
2020-03-31,молочные продукты,запад,750.0
2021-12-31,зерновые,юг,699.0
2020-01-31,зерновые,восток,698.0
2021-04-30,зерновые,юг,230.0
2018-08-31,молочные продукты,север,0.0
2022-03-31,мясо,юг,905.0
2022-02-28,мясо,запад,0.0
2024-10-31,зерновые,север,0.0
2020-08-31,зерновые,восток,0.0
2024-05-31,мясо,восток,884.0
2021-06-30,фрукты,север,0.0
2019-01-31,зерновые,запад,821.0
2018-11-30,молочные продукты,восток,14.0
2021-12-31,фрукты,север,822.0
2019-01-31,овощи,восток,85.0
2018-02-28,молочные продукты,юг,952.0
2022-07-31,молочные продукты,юг,148.0
2020-01-31,зерновые,восток,0.0
2022-08-31,фрукты,юг,854.0
2018-06-30,молочные продукты,запад,196.0
2022-01-31,молочные продукты,юг,856.0
2021-01-31,овощи,запад,900.0
2021-07-31,зерновые,юг,361.0
2020-12-31,зерновые,запад,935.0
2020-02-29,овощи,восток,999.0
2019-10-31,фрукты,восток,661.0
2021-04-30,фрукты,восток,763.0
2023-06-30,молочные продукты,запад,0.0
2019-07-31,молочные продукты,запад,12433.0
2019-05-31,мясо,север,535.0
2022-09-30,фрукты,север,143.0
2021-09-30,овощи,юг,543.0
2020-10-31,овощи,север,433.0
2022-03-31,мясо,восток,885.0
2019-09-30,зерновые,запад,0.0
2020-05-31,овощи,восток,857.0
2019-03-31,мясо,север,977.0
2021-03-31,зерновые,восток,403.0
2023-10-31,мясо,восток,0.0
2024-10-31,овощи,юг,648.0
2021-12-31,овощи,запад,231.0
2024-02-29,неправильная категория,север,76.0
2019-11-30,зерновые,юг,915.0
2024-11-30,мясо,юг,807.0
2024-12-31,мясо,юг,245.0
2024-06-30,овощи,восток,80.0
2022-03-31,молочные продукты,юг,796.0
2021-12-31,зерновые,север,441.0
2019-05-31,мясо,юг,0.0
2018-02-28,мясо,север,708.0
2022-05-31,зерновые,запад,243.0
2024-05-31,неправильная категория,юг,0.0
2020-09-30,зерновые,север,887.0
2023-02-28,фрукты,север,0.0
2022-02-28,зерновые,запад,834.0
2024-02-29,молочные продукты,юг,512.0
2023-02-28,фрукты,запад,938.0
2024-12-31,зерновые,восток,538.0
2024-08-31,фрукты,восток,361.0
2021-08-31,овощи,север,0.0
2023-05-31,зерновые,восток,0.0
2024-01-31,зерновые,юг,0.0
2023-10-31,овощи,восток,970.0
2023-01-31,фрукты,запад,907.0
2018-11-30,мясо,запад,620.0
2019-02-28,овощи,восток,120.0
2024-09-30,зерновые,север,305.0
2021-04-30,молочные продукты,запад,386.0
2023-11-30,молочные продукты,север,541.0
2020-05-31,фрукты,восток,915.0
2019-02-28,молочные продукты,север,930.0
2020-07-31,зерновые,юг,876.0
2021-07-31,мясо,запад,798.0
2024-09-30,фрукты,восток,673.0
2022-11-30,молочные продукты,запад,316.0
2021-06-30,фрукты,запад,104.0
2021-10-31,овощи,юг,0.0
2019-01-31,фрукты,восток,676.0
2022-02-28,мясо,запад,860.0
2021-05-31,мясо,север,581.0
2020-09-30,мясо,север,69.0
2021-07-31,фрукты,запад,0.0
2023-09-30,фрукты,восток,674.0
2018-03-31,зерновые,запад,11935.0
2023-01-31,фрукты,север,413.0
2023-08-31,молочные продукты,юг,355.0
2018-10-31,мясо,восток,791.0
2020-05-31,мясо,север,555.0
2022-03-31,зерновые,север,173.0
2021-04-30,зерновые,север,0.0
2020-07-31,мясо,запад,899.0
2023-10-31,молочные продукты,запад,619.0
2020-07-31,фрукты,восток,447.0
2019-01-31,овощи,север,536.0
2020-02-29,зерновые,юг,682.0
2021-08-31,мясо,запад,863.0
2021-03-31,овощи,юг,148.0
2024-03-31,неправильная категория,запад,554.0
2019-01-31,овощи,восток,0.0
2021-12-31,фрукты,север,300.0
2024-06-30,молочные продукты,восток,610.0
2019-10-31,мясо,юг,455.0
2019-02-28,молочные продукты,запад,773.0
2024-04-30,овощи,север,315.0
2020-09-30,фрукты,запад,534.0
2023-06-30,фрукты,восток,974.0
2022-02-28,зерновые,запад,997.0
2021-01-31,фрукты,юг,866.0
2019-12-31,мясо,юг,974.0
2020-05-31,зерновые,север,0.0
2021-08-31,зерновые,запад,420.0
2020-03-31,фрукты,юг,669.0
2018-11-30,овощи,юг,346.0
2022-07-31,зерновые,запад,893.0
2018-12-31,фрукты,запад,328.0
2019-04-30,овощи,запад,16199.0
2019-08-31,молочные продукты,запад,542.0
2020-09-30,мясо,запад,704.0
2023-01-31,овощи,юг,686.0
2018-07-31,овощи,юг,0.0
2018-07-31,мясо,запад,339.0
2023-03-31,зерновые,юг,0.0
2022-06-30,зерновые,запад,171.0
2018-02-28,фрукты,запад,225.0
2021-10-31,зерновые,юг,832.0
2023-08-31,овощи,север,159.0
2018-10-31,зерновые,запад,10.0
2022-02-28,молочные продукты,север,107.0
2021-09-30,овощи,север,16157.0
2020-03-31,овощи,восток,262.0
2024-12-31,молочные продукты,запад,828.0
2021-10-31,молочные продукты,запад,810.0
2023-06-30,зерновые,запад,207.0
2022-12-31,молочные продукты,запад,292.0
2018-04-30,овощи,юг,457.0
2019-03-31,зерновые,юг,78.0
2024-10-31,зерновые,запад,772.0
2022-03-31,молочные продукты,юг,718.0
2024-01-31,мясо,север,427.0
2018-11-30,овощи,юг,798.0
2019-01-31,фрукты,запад,0.0
2019-07-31,мясо,юг,638.0
2023-12-31,овощи,восток,139.0
2020-11-30,мясо,восток,0.0
2023-12-31,овощи,запад,733.0
2023-05-31,фрукты,запад,400.0
2022-08-31,овощи,запад,0.0
2020-10-31,мясо,восток,483.0
2024-11-30,зерновые,восток,17315.0
2018-10-31,фрукты,запад,284.0
2018-08-31,фрукты,север,560.0
2021-04-30,овощи,запад,997.0
2022-01-31,молочные продукты,восток,957.0
2019-07-31,овощи,юг,98.0
2022-07-31,овощи,юг,531.0
2024-01-31,неправильная категория,запад,240.0
2021-04-30,зерновые,восток,0.0
2019-03-31,мясо,запад,219.0
2023-12-31,мясо,запад,489.0
2021-11-30,зерновые,восток,501.0
2021-04-30,овощи,север,124.0
2020-06-30,фрукты,север,318.0
2019-12-31,овощи,восток,0.0
2024-07-31,фрукты,восток,476.0
2023-12-31,овощи,восток,920.0
2022-11-30,фрукты,юг,641.0
2022-04-30,мясо,запад,0.0
2020-02-29,мясо,север,274.0
2018-12-31,зерновые,восток,467.0
2022-07-31,зерновые,восток,816.0
2021-05-31,фрукты,юг,13.0
2023-08-31,молочные продукты,восток,0.0
2022-11-30,зерновые,запад,920.0
2022-09-30,мясо,север,0.0
2022-05-31,овощи,север,376.0
2019-09-30,овощи,юг,0.0
2020-02-29,мясо,запад,704.0
2024-01-31,овощи,север,506.0
2019-01-31,мясо,юг,377.0
2022-01-31,фрукты,север,0.0
2024-12-31,молочные продукты,запад,277.0
2020-11-30,молочные продукты,север,475.0
2020-04-30,фрукты,север,0.0
2024-11-30,фрукты,юг,0.0
2022-09-30,мясо,восток,581.0
2019-05-31,молочные продукты,запад,935.0
2023-01-31,зерновые,восток,110.0
2024-11-30,неправильная категория,восток,39.0
2019-06-30,зерновые,восток,686.0
2024-04-30,зерновые,запад,834.0
2022-08-31,молочные продукты,север,928.0
2023-01-31,молочные продукты,запад,207.0
2020-07-31,зерновые,север,868.0
2022-04-30,мясо,восток,0.0
2021-05-31,зерновые,юг,0.0
2019-09-30,фрукты,восток,539.0
2022-07-31,фрукты,юг,0.0
2018-03-31,молочные продукты,юг,0.0
2019-03-31,зерновые,юг,0.0
2022-07-31,фрукты,юг,840.0
2020-09-30,овощи,север,243.0
2021-01-31,молочные продукты,восток,929.0
2018-09-30,мясо,север,312.0
2019-04-30,мясо,юг,0.0
2020-09-30,молочные продукты,запад,655.0
2020-08-31,неправильная категория,восток,0.0
2024-02-29,молочные продукты,юг,269.0
2022-06-30,фрукты,юг,919.0
2023-06-30,овощи,восток,298.0
2019-03-31,овощи,восток,0.0
2021-03-31,зерновые,юг,825.0
2020-01-31,зерновые,запад,742.0
2024-01-31,фрукты,восток,0.0
2024-07-31,мясо,север,714.0
2019-02-28,фрукты,север,194.0
2021-05-31,овощи,юг,382.0
2019-09-30,молочные продукты,юг,161.0
2022-04-30,фрукты,юг,672.0
2022-11-30,зерновые,север,585.0
2021-06-30,фрукты,восток,304.0
2024-09-30,молочные продукты,юг,0.0
2022-02-28,мясо,юг,0.0
2022-09-30,фрукты,запад,997.0
2018-03-31,неправильная категория,юг,254.0
2020-04-30,фрукты,юг,50.0
2022-02-28,зерновые,север,101.0
2021-04-30,молочные продукты,запад,301.0
2021-09-30,овощи,запад,0.0
2020-05-31,зерновые,восток,0.0
2020-09-30,зерновые,запад,773.0
2024-02-29,овощи,восток,819.0
2023-12-31,овощи,восток,793.0
2019-06-30,молочные продукты,юг,0.0
2020-12-31,молочные продукты,юг,460.0
2024-05-31,фрукты,север,502.0
2018-03-31,зерновые,север,533.0
2024-10-31,овощи,запад,703.0
2020-11-30,овощи,север,139.0
2024-06-30,зерновые,север,917.0
2023-06-30,молочные продукты,север,674.0
2022-04-30,молочные продукты,юг,633.0
2021-06-30,мясо,запад,0.0
2020-02-29,зерновые,юг,0.0
2024-11-30,зерновые,юг,593.0
2020-11-30,фрукты,восток,43.0
2023-07-31,молочные продукты,запад,290.0
2020-03-31,зерновые,восток,522.0
2022-08-31,молочные продукты,восток,708.0
2023-04-30,зерновые,запад,0.0
2020-07-31,зерновые,юг,0.0
2019-01-31,молочные продукты,юг,0.0
2021-09-30,овощи,восток,567.0
2023-03-31,овощи,запад,143.0
2022-11-30,молочные продукты,юг,17214.0
2023-12-31,мясо,запад,57.0
2018-08-31,овощи,восток,44.0
2023-02-28,овощи,восток,748.0
2019-09-30,овощи,юг,134.0
2018-10-31,мясо,запад,0.0
2022-09-30,молочные продукты,юг,481.0
2021-09-30,молочные продукты,север,268.0
2018-12-31,зерновые,юг,396.0
2024-01-31,зерновые,север,67.0
2021-02-28,зерновые,юг,866.0
2018-09-30,зерновые,юг,10068.0
2023-01-31,овощи,юг,659.0
2020-10-31,мясо,запад,479.0
2021-01-31,мясо,восток,77.0
2018-06-30,молочные продукты,юг,557.0
2018-12-31,мясо,север,0.0
2022-03-31,мясо,север,725.0
2019-06-30,фрукты,север,85.0
2019-06-30,мясо,восток,105.0
2018-11-30,мясо,запад,17433.0
2020-11-30,молочные продукты,север,648.0
2024-08-31,зерновые,восток,221.0
2021-08-31,фрукты,восток,950.0
2024-04-30,мясо,восток,450.0
2021-04-30,молочные продукты,восток,127.0
2024-01-31,мясо,восток,371.0
2023-11-30,фрукты,север,684.0
2024-06-30,фрукты,юг,609.0
2024-09-30,фрукты,запад,203.0
2020-10-31,мясо,запад,196.0
2023-05-31,зерновые,юг,886.0
2018-02-28,овощи,юг,14176.0
2020-06-30,молочные продукты,восток,623.0
2019-04-30,зерновые,юг,720.0
2024-01-31,мясо,восток,0.0
2019-12-31,молочные продукты,восток,0.0
2023-01-31,молочные продукты,юг,697.0
2019-09-30,овощи,север,348.0
2019-04-30,мясо,запад,217.0
2021-02-28,мясо,запад,903.0
2020-05-31,овощи,запад,158.0
2024-10-31,молочные продукты,восток,490.0
2021-05-31,молочные продукты,север,412.0
2018-05-31,овощи,юг,710.0
2023-08-31,зерновые,запад,794.0
2024-12-31,мясо,восток,0.0
2018-03-31,овощи,запад,0.0
2024-11-30,молочные продукты,запад,807.0
2020-06-30,молочные продукты,восток,0.0
2022-11-30,овощи,юг,88.0
2023-06-30,фрукты,юг,0.0
2020-06-30,фрукты,запад,66.0
2019-04-30,молочные продукты,запад,432.0
2021-11-30,зерновые,север,0.0
2019-12-31,зерновые,юг,0.0
2018-05-31,мясо,запад,619.0
2018-01-31,молочные продукты,запад,0.0
2018-08-31,молочные продукты,юг,0.0
2024-03-31,фрукты,восток,676.0
2022-01-31,мясо,восток,388.0
2018-02-28,фрукты,юг,389.0
2024-08-31,мясо,юг,729.0
2022-12-31,зерновые,юг,0.0
2021-03-31,молочные продукты,север,14.0
2022-06-30,зерновые,восток,521.0
2023-04-30,зерновые,восток,216.0
2018-10-31,овощи,запад,995.0
2023-06-30,мясо,запад,114.0
2019-05-31,молочные продукты,север,280.0
2023-06-30,зерновые,юг,0.0
2019-03-31,молочные продукты,запад,504.0
2018-12-31,овощи,восток,640.0
2020-05-31,овощи,запад,13.0
2020-10-31,мясо,восток,474.0
2022-12-31,овощи,запад,790.0
2021-02-28,овощи,запад,973.0
2020-01-31,мясо,восток,134.0
2024-01-31,мясо,север,287.0
2022-09-30,мясо,север,188.0
2021-08-31,зерновые,запад,185.0
2024-02-29,фрукты,запад,570.0
2022-02-28,зерновые,запад,731.0
2018-06-30,молочные продукты,север,87.0
2024-05-31,молочные продукты,запад,537.0
2020-04-30,молочные продукты,запад,625.0
2020-08-31,молочные продукты,север,231.0
2020-12-31,фрукты,восток,242.0
2024-10-31,молочные продукты,юг,207.0
2019-09-30,мясо,юг,430.0
2021-01-31,фрукты,север,28.0
2019-05-31,зерновые,запад,97.0
2021-09-30,молочные продукты,запад,184.0
2021-12-31,фрукты,юг,659.0
2020-02-29,зерновые,восток,475.0
2023-04-30,фрукты,север,56.0
2021-04-30,молочные продукты,запад,736.0
2018-02-28,мясо,юг,0.0
2018-05-31,фрукты,восток,815.0
2024-07-31,фрукты,запад,0.0
2019-04-30,фрукты,север,181.0
2020-11-30,мясо,запад,159.0
2023-10-31,молочные продукты,запад,718.0
2021-07-31,мясо,север,951.0
2022-06-30,зерновые,запад,83.0
2023-04-30,фрукты,запад,0.0
2018-10-31,молочные продукты,восток,222.0
2022-07-31,зерновые,восток,543.0
2020-11-30,овощи,юг,136.0
2020-10-31,мясо,юг,0.0
2024-09-30,мясо,север,696.0
2024-12-31,мясо,север,0.0
2024-12-31,овощи,восток,166.0
2024-03-31,мясо,юг,975.0
2020-12-31,молочные продукты,север,749.0
2023-07-31,зерновые,восток,742.0
2021-10-31,овощи,запад,402.0
2023-01-31,молочные продукты,юг,0.0
2023-05-31,молочные продукты,юг,0.0
2018-05-31,овощи,юг,756.0
2023-07-31,мясо,юг,564.0
2019-04-30,зерновые,восток,33.0
2023-12-31,мясо,юг,908.0
2022-04-30,фрукты,восток,939.0
2020-07-31,зерновые,север,0.0
2021-06-30,мясо,юг,16704.0
2022-02-28,фрукты,запад,442.0
2023-04-30,овощи,север,955.0
2021-11-30,мясо,запад,329.0
2023-03-31,фрукты,юг,181.0
2021-10-31,фрукты,восток,0.0
2020-02-29,зерновые,север,680.0
2020-07-31,фрукты,запад,0.0
2019-03-31,молочные продукты,юг,0.0
2019-07-31,овощи,юг,803.0
2021-06-30,фрукты,юг,313.0
2022-12-31,мясо,восток,0.0
2018-11-30,овощи,юг,851.0
2024-04-30,молочные продукты,запад,751.0
2019-06-30,фрукты,восток,0.0
2020-02-29,зерновые,восток,215.0
2022-04-30,мясо,восток,16.0
2024-04-30,молочные продукты,юг,481.0
2022-04-30,зерновые,запад,680.0
2024-03-31,фрукты,восток,249.0
2022-06-30,овощи,восток,907.0
2021-02-28,мясо,юг,841.0
2020-05-31,фрукты,север,0.0
2019-10-31,мясо,юг,704.0
2020-06-30,овощи,запад,265.0
2024-06-30,фрукты,восток,680.0
2018-09-30,фрукты,юг,0.0
2019-01-31,мясо,юг,515.0
2019-04-30,фрукты,запад,72.0
2018-06-30,мясо,юг,973.0
2021-07-31,мясо,север,518.0
2023-09-30,зерновые,север,0.0
2019-08-31,молочные продукты,запад,73.0
2024-04-30,молочные продукты,восток,539.0
2021-03-31,зерновые,запад,912.0
2021-05-31,овощи,восток,337.0
2023-07-31,мясо,запад,295.0
2024-06-30,фрукты,юг,686.0
2024-02-29,овощи,север,76.0
2019-07-31,молочные продукты,запад,148.0
2023-09-30,фрукты,запад,793.0
2023-02-28,овощи,север,777.0
2018-04-30,зерновые,север,0.0
2020-12-31,мясо,юг,551.0
2023-11-30,овощи,запад,0.0
2018-09-30,овощи,юг,693.0
2019-12-31,фрукты,запад,537.0
2023-03-31,молочные продукты,запад,32.0
2022-08-31,молочные продукты,юг,0.0
2021-12-31,овощи,восток,218.0
2022-10-31,зерновые,север,494.0
2024-09-30,мясо,север,669.0
2021-09-30,мясо,запад,618.0
2021-09-30,фрукты,запад,475.0
2020-08-31,овощи,запад,998.0
2024-06-30,фрукты,север,565.0
2023-09-30,молочные продукты,запад,392.0
2020-07-31,овощи,восток,0.0
2019-08-31,овощи,юг,463.0
2022-12-31,фрукты,восток,897.0
2023-08-31,молочные продукты,север,655.0
2021-12-31,зерновые,юг,832.0
2022-09-30,овощи,юг,915.0
2022-04-30,молочные продукты,запад,740.0
2020-06-30,мясо,запад,733.0
2019-07-31,мясо,запад,629.0
2021-12-31,мясо,запад,540.0
2020-11-30,молочные продукты,север,0.0
2018-01-31,фрукты,восток,627.0
2019-04-30,зерновые,восток,15125.0
2018-09-30,мясо,восток,0.0
2019-06-30,фрукты,юг,169.0
2023-04-30,зерновые,север,40.0
2020-04-30,неправильная категория,восток,0.0
2018-10-31,овощи,север,13465.0
2021-05-31,молочные продукты,юг,0.0
2023-09-30,мясо,восток,270.0
2021-09-30,зерновые,восток,0.0
2018-12-31,зерновые,восток,202.0
2024-10-31,зерновые,север,244.0
2024-02-29,овощи,юг,12215.0
2021-12-31,молочные продукты,восток,582.0
2018-08-31,молочные продукты,запад,98.0
2019-09-30,фрукты,север,21.0
2022-09-30,зерновые,восток,704.0
2022-03-31,молочные продукты,юг,334.0
2018-03-31,молочные продукты,восток,0.0
2021-12-31,молочные продукты,юг,0.0
2021-03-31,мясо,запад,0.0
2019-06-30,мясо,восток,0.0
2020-03-31,фрукты,восток,685.0
2023-09-30,мясо,юг,648.0
2020-10-31,мясо,юг,646.0
2019-11-30,фрукты,восток,591.0
2024-02-29,овощи,восток,0.0
2024-10-31,фрукты,восток,62.0
2022-03-31,фрукты,юг,34.0
2022-06-30,зерновые,север,680.0
2021-01-31,мясо,юг,945.0
2023-12-31,зерновые,юг,479.0
2018-08-31,неправильная категория,юг,432.0
2018-10-31,молочные продукты,запад,403.0
2018-02-28,зерновые,север,783.0
2018-12-31,молочные продукты,север,234.0
2022-01-31,овощи,восток,408.0
2021-01-31,мясо,север,476.0
2019-12-31,молочные продукты,север,0.0
2022-09-30,молочные продукты,север,183.0
2022-11-30,молочные продукты,север,107.0
2021-07-31,молочные продукты,запад,700.0
2020-09-30,овощи,север,0.0
2020-07-31,мясо,запад,889.0
2021-07-31,овощи,юг,751.0
2022-08-31,мясо,юг,114.0
2018-03-31,фрукты,север,259.0
2021-12-31,зерновые,юг,751.0
2023-02-28,мясо,север,539.0
2023-04-30,фрукты,восток,43.0
2024-11-30,молочные продукты,юг,0.0
2018-09-30,молочные продукты,восток,12097.0
2020-10-31,молочные продукты,восток,570.0
2021-08-31,зерновые,запад,449.0
2022-09-30,фрукты,север,999.0
2023-04-30,мясо,север,0.0
2018-03-31,зерновые,запад,0.0
2018-04-30,молочные продукты,запад,483.0
2019-09-30,зерновые,восток,682.0
2023-04-30,мясо,юг,542.0
2020-02-29,мясо,восток,759.0
2020-08-31,зерновые,восток,535.0
2018-11-30,мясо,восток,860.0
2024-05-31,фрукты,восток,190.0
2019-05-31,овощи,юг,0.0
2021-04-30,зерновые,юг,993.0
2022-07-31,зерновые,юг,10759.0
2024-07-31,овощи,запад,962.0
2021-04-30,мясо,юг,0.0
2022-06-30,молочные продукты,восток,0.0
2024-07-31,фрукты,восток,21.0
2023-04-30,овощи,восток,27.0
2021-08-31,мясо,запад,751.0
2019-07-31,молочные продукты,запад,591.0
2018-04-30,овощи,юг,112.0
2022-12-31,зерновые,запад,278.0
2018-11-30,молочные продукты,юг,257.0
2023-04-30,молочные продукты,запад,162.0
2023-08-31,овощи,запад,811.0
2024-08-31,мясо,восток,489.0
2021-12-31,мясо,юг,0.0
2022-06-30,фрукты,восток,233.0
2020-09-30,фрукты,запад,0.0
2019-10-31,овощи,север,0.0
2023-12-31,мясо,север,912.0
2020-05-31,фрукты,запад,185.0
2023-09-30,молочные продукты,север,53.0
2018-08-31,зерновые,север,891.0
2020-09-30,молочные продукты,север,0.0
2023-07-31,фрукты,восток,457.0
2024-06-30,мясо,юг,784.0
2023-10-31,неправильная категория,запад,498.0
2024-08-31,фрукты,юг,0.0
2018-04-30,мясо,север,305.0
2021-10-31,молочные продукты,север,885.0
2023-01-31,молочные продукты,восток,0.0
2022-09-30,молочные продукты,север,134.0
2019-08-31,фрукты,юг,434.0
2022-09-30,овощи,запад,0.0
2018-12-31,овощи,восток,418.0
2018-03-31,молочные продукты,запад,501.0
2023-11-30,мясо,восток,589.0
2024-07-31,зерновые,восток,359.0
2023-08-31,овощи,юг,526.0
2019-12-31,фрукты,юг,304.0
2020-09-30,мясо,восток,421.0
2023-03-31,зерновые,восток,0.0
2024-06-30,мясо,север,514.0
2021-11-30,мясо,восток,546.0
2023-09-30,зерновые,юг,67.0
2018-07-31,фрукты,запад,850.0
2020-04-30,фрукты,запад,619.0
2023-02-28,фрукты,восток,838.0
2018-11-30,мясо,восток,0.0
2022-11-30,фрукты,восток,567.0
2018-08-31,зерновые,север,587.0
2023-08-31,мясо,восток,859.0
2022-09-30,зерновые,север,0.0
2022-11-30,молочные продукты,восток,889.0
2019-07-31,фрукты,запад,174.0
2019-02-28,фрукты,север,869.0
2019-05-31,фрукты,запад,967.0
2021-08-31,мясо,юг,0.0
2022-11-30,зерновые,юг,983.0
2023-03-31,мясо,восток,883.0
2024-03-31,мясо,юг,662.0
2024-05-31,зерновые,восток,466.0
2019-08-31,фрукты,восток,774.0
2023-01-31,молочные продукты,север,904.0
2021-04-30,фрукты,юг,635.0
2024-05-31,молочные продукты,юг,506.0
2019-05-31,мясо,восток,0.0
2019-12-31,фрукты,запад,165.0
2021-08-31,овощи,запад,510.0
2018-09-30,мясо,север,175.0
2020-04-30,фрукты,север,773.0
2022-06-30,мясо,запад,282.0
2019-03-31,овощи,восток,3.0
2021-09-30,зерновые,запад,245.0
2019-09-30,зерновые,запад,464.0
2021-06-30,овощи,восток,0.0
2023-02-28,зерновые,восток,993.0
2022-05-31,зерновые,юг,765.0
2018-02-28,овощи,юг,398.0
2022-06-30,зерновые,юг,0.0
2023-09-30,фрукты,юг,740.0
2019-02-28,овощи,север,831.0
2020-06-30,зерновые,юг,414.0
2021-07-31,зерновые,север,871.0
2022-02-28,зерновые,запад,482.0
2024-11-30,молочные продукты,юг,48.0
2024-07-31,молочные продукты,юг,558.0
2022-12-31,зерновые,запад,589.0
2020-10-31,молочные продукты,юг,630.0
2018-09-30,зерновые,юг,554.0
2021-06-30,мясо,запад,743.0
2022-07-31,молочные продукты,север,568.0
2020-07-31,мясо,запад,339.0
2019-10-31,молочные продукты,юг,795.0
2023-10-31,овощи,юг,479.0
2018-11-30,зерновые,восток,807.0
2018-05-31,молочные продукты,север,614.0
2023-05-31,овощи,запад,838.0
2024-06-30,фрукты,юг,828.0
2021-06-30,фрукты,запад,0.0
2022-03-31,молочные продукты,север,275.0
2022-12-31,фрукты,север,541.0
2023-03-31,зерновые,север,806.0
2020-02-29,овощи,запад,979.0
2024-10-31,фрукты,запад,0.0
2024-11-30,зерновые,юг,38.0
2020-12-31,зерновые,запад,859.0
2021-02-28,мясо,восток,729.0
2022-06-30,овощи,юг,262.0
2024-07-31,зерновые,север,589.0
2023-03-31,неправильная категория,север,0.0
2019-05-31,мясо,восток,63.0
2023-04-30,молочные продукты,юг,0.0
2021-06-30,молочные продукты,север,834.0
2020-11-30,фрукты,запад,0.0
2023-02-28,молочные продукты,восток,290.0
2023-01-31,зерновые,юг,834.0
2021-09-30,мясо,север,490.0
2018-08-31,зерновые,восток,132.0
2019-04-30,фрукты,север,85.0
2023-02-28,молочные продукты,запад,0.0
2023-08-31,молочные продукты,восток,959.0
2021-04-30,молочные продукты,юг,240.0
2020-02-29,фрукты,запад,265.0
2019-03-31,фрукты,запад,0.0
2023-07-31,молочные продукты,север,896.0
2022-06-30,фрукты,восток,376.0
2018-12-31,мясо,запад,595.0
2018-08-31,мясо,запад,249.0
2022-12-31,молочные продукты,запад,128.0
2023-02-28,овощи,запад,0.0
2022-12-31,фрукты,север,271.0
2021-06-30,зерновые,юг,506.0
2024-07-31,овощи,запад,0.0
2020-10-31,зерновые,юг,181.0
2019-05-31,мясо,север,856.0
2020-12-31,овощи,север,663.0
2018-08-31,молочные продукты,восток,616.0
2024-10-31,зерновые,запад,659.0
2023-10-31,мясо,запад,0.0
2023-02-28,фрукты,запад,633.0
2018-03-31,зерновые,запад,558.0
2019-10-31,мясо,запад,0.0
2018-03-31,фрукты,юг,185.0
2024-01-31,молочные продукты,север,978.0
2020-04-30,молочные продукты,запад,0.0
2021-08-31,овощи,восток,83.0
2024-08-31,овощи,север,0.0
2020-03-31,фрукты,восток,708.0
2021-08-31,фрукты,север,0.0
2018-11-30,овощи,восток,104.0
2020-02-29,овощи,запад,0.0
2020-09-30,фрукты,восток,0.0
2020-09-30,молочные продукты,восток,807.0
2018-09-30,молочные продукты,восток,398.0
2021-12-31,зерновые,запад,892.0
2023-03-31,зерновые,юг,771.0
2018-10-31,зерновые,север,70.0
2021-12-31,овощи,восток,835.0
2018-12-31,молочные продукты,юг,906.0
2022-02-28,овощи,юг,0.0
2019-02-28,фрукты,юг,228.0
2022-03-31,овощи,юг,922.0
2024-02-29,овощи,запад,16332.0
2019-08-31,зерновые,восток,87.0
2023-02-28,овощи,север,332.0
2019-04-30,молочные продукты,восток,0.0
2021-12-31,овощи,восток,311.0
2019-12-31,мясо,восток,320.0
2019-11-30,молочные продукты,юг,384.0
2022-06-30,овощи,восток,798.0
2018-12-31,овощи,юг,900.0
2021-05-31,овощи,запад,453.0
2023-11-30,зерновые,север,252.0
2023-12-31,овощи,восток,12995.0
2021-09-30,зерновые,запад,445.0
2024-04-30,мясо,север,121.0
2019-12-31,овощи,север,0.0
2022-11-30,зерновые,юг,605.0
2020-07-31,овощи,юг,0.0
2019-06-30,зерновые,север,0.0
2024-09-30,фрукты,запад,302.0
2018-12-31,мясо,восток,984.0
2020-12-31,мясо,запад,352.0
2024-11-30,молочные продукты,запад,0.0
2020-05-31,овощи,восток,59.0
2018-10-31,овощи,восток,778.0
2021-08-31,зерновые,восток,0.0
2021-10-31,овощи,запад,976.0
2021-05-31,фрукты,восток,774.0
2019-10-31,зерновые,юг,562.0
2018-11-30,фрукты,юг,109.0
2024-06-30,молочные продукты,восток,898.0
2023-05-31,мясо,запад,949.0
2019-03-31,неправильная категория,восток,769.0
2024-06-30,молочные продукты,север,0.0
2018-10-31,фрукты,север,340.0
2024-04-30,зерновые,юг,407.0
2024-09-30,фрукты,юг,0.0
2020-10-31,овощи,север,482.0
2024-03-31,молочные продукты,запад,110.0
2023-02-28,зерновые,запад,0.0
2023-10-31,мясо,север,448.0
2018-12-31,фрукты,восток,0.0
2024-06-30,молочные продукты,запад,508.0
2023-04-30,зерновые,запад,488.0
2023-09-30,неправильная категория,восток,960.0
2024-03-31,мясо,север,217.0
2022-05-31,овощи,юг,377.0
2019-12-31,зерновые,запад,674.0
2022-03-31,фрукты,север,331.0
2018-02-28,молочные продукты,восток,724.0
2019-09-30,овощи,север,59.0
2020-05-31,молочные продукты,восток,342.0
2023-05-31,мясо,восток,408.0
2021-06-30,зерновые,север,306.0
2024-08-31,зерновые,восток,439.0
2024-04-30,фрукты,юг,639.0
2023-06-30,мясо,запад,717.0
2024-05-31,овощи,запад,782.0
2021-02-28,фрукты,юг,735.0
2022-09-30,зерновые,юг,971.0
2022-08-31,овощи,запад,402.0
2024-03-31,зерновые,север,121.0
2024-06-30,молочные продукты,запад,458.0
2021-11-30,молочные продукты,север,289.0
2021-12-31,фрукты,юг,708.0
2024-09-30,молочные продукты,юг,127.0
2023-07-31,зерновые,юг,743.0
2018-08-31,мясо,север,570.0
2019-05-31,зерновые,восток,488.0
2024-05-31,фрукты,юг,0.0
2024-02-29,фрукты,юг,223.0
2022-04-30,овощи,юг,572.0
2020-03-31,овощи,запад,0.0
2019-01-31,овощи,юг,0.0
2022-04-30,молочные продукты,восток,968.0
2022-11-30,зерновые,восток,31.0
2023-11-30,молочные продукты,юг,0.0
2019-01-31,фрукты,запад,702.0
2018-03-31,молочные продукты,запад,548.0
2024-01-31,зерновые,юг,581.0
2024-02-29,зерновые,юг,0.0
2024-08-31,мясо,юг,272.0
2018-08-31,мясо,север,0.0
2023-04-30,неправильная категория,юг,983.0
2022-09-30,овощи,север,795.0
2024-02-29,молочные продукты,север,793.0
2024-12-31,мясо,запад,558.0
2021-06-30,фрукты,восток,827.0
2018-08-31,фрукты,север,573.0
2024-05-31,овощи,север,682.0
2022-07-31,овощи,юг,828.0
2019-02-28,зерновые,восток,67.0
2018-05-31,зерновые,север,892.0
2018-02-28,зерновые,запад,887.0
2021-03-31,молочные продукты,восток,0.0
2018-02-28,зерновые,восток,383.0
2021-07-31,фрукты,запад,286.0
2021-07-31,молочные продукты,север,911.0
2022-02-28,фрукты,запад,645.0
2022-11-30,овощи,восток,212.0
2022-08-31,мясо,восток,0.0
2024-06-30,молочные продукты,запад,991.0
2019-08-31,мясо,юг,59.0
2018-07-31,молочные продукты,юг,909.0
2020-04-30,молочные продукты,север,388.0
2018-03-31,мясо,юг,0.0
2018-04-30,зерновые,восток,727.0
2019-04-30,молочные продукты,юг,182.0
2022-06-30,мясо,восток,0.0
2019-06-30,молочные продукты,запад,133.0
2024-07-31,зерновые,юг,0.0
2024-10-31,фрукты,восток,0.0
2023-04-30,зерновые,восток,776.0
2018-06-30,овощи,север,0.0
2019-09-30,молочные продукты,запад,41.0
2024-12-31,фрукты,восток,494.0
2018-07-31,овощи,запад,551.0
2023-04-30,овощи,юг,16.0
2019-12-31,молочные продукты,север,826.0
2020-08-31,овощи,восток,0.0
2021-05-31,молочные продукты,север,278.0
2021-04-30,молочные продукты,юг,556.0
2022-07-31,мясо,юг,0.0
2020-09-30,молочные продукты,юг,283.0
2019-10-31,молочные продукты,восток,821.0
2021-07-31,мясо,юг,663.0
2018-06-30,молочные продукты,север,495.0
2020-09-30,зерновые,север,504.0
2020-08-31,фрукты,запад,503.0
2024-06-30,овощи,восток,178.0
2020-03-31,молочные продукты,север,904.0
2019-03-31,зерновые,юг,640.0
2020-06-30,фрукты,север,810.0
2020-06-30,зерновые,север,866.0
2023-02-28,мясо,восток,127.0
2020-06-30,молочные продукты,север,910.0
2018-12-31,зерновые,север,911.0
2020-06-30,мясо,запад,296.0
2021-01-31,мясо,юг,560.0
2021-07-31,фрукты,восток,944.0
2020-06-30,молочные продукты,север,736.0
2020-02-29,овощи,юг,278.0
2019-08-31,фрукты,запад,256.0
2019-08-31,фрукты,запад,0.0
2024-07-31,фрукты,север,0.0
2022-08-31,мясо,восток,646.0
2023-02-28,фрукты,запад,119.0
2019-02-28,мясо,запад,497.0
2024-03-31,молочные продукты,юг,0.0
2019-03-31,мясо,восток,371.0
2021-01-31,зерновые,север,130.0
2021-09-30,фрукты,север,153.0
2020-03-31,молочные продукты,юг,608.0
2024-05-31,мясо,восток,74.0
2019-04-30,молочные продукты,запад,767.0
2020-04-30,овощи,запад,405.0
2021-08-31,фрукты,восток,803.0
2018-08-31,молочные продукты,восток,291.0
2022-12-31,зерновые,юг,444.0
2019-03-31,молочные продукты,запад,795.0
2024-12-31,мясо,юг,55.0
2024-02-29,овощи,восток,884.0
2021-08-31,фрукты,восток,300.0
2018-08-31,зерновые,запад,359.0
2020-06-30,мясо,запад,402.0
2023-08-31,зерновые,запад,983.0
2023-04-30,овощи,юг,764.0
2023-02-28,фрукты,запад,670.0
2022-10-31,зерновые,запад,641.0
2021-03-31,молочные продукты,запад,509.0
2019-04-30,фрукты,запад,15628.0
2018-08-31,зерновые,восток,13806.0
2024-05-31,зерновые,юг,602.0
2018-12-31,зерновые,юг,218.0
2022-12-31,неправильная категория,запад,0.0
2023-10-31,овощи,юг,0.0
2024-04-30,овощи,запад,0.0
2020-08-31,молочные продукты,восток,178.0
2023-05-31,мясо,юг,156.0
2021-03-31,овощи,север,178.0
2022-06-30,овощи,север,2.0
2019-03-31,фрукты,восток,714.0
2018-02-28,овощи,юг,683.0
2022-03-31,зерновые,север,871.0
2022-12-31,фрукты,запад,0.0
2024-06-30,фрукты,юг,737.0
2020-10-31,фрукты,восток,342.0
2019-12-31,мясо,север,929.0
2019-06-30,неправильная категория,запад,27.0
2024-08-31,мясо,север,214.0
2024-02-29,фрукты,север,86.0
2023-07-31,молочные продукты,запад,204.0
2021-07-31,овощи,запад,871.0
2022-10-31,молочные продукты,восток,0.0
2020-06-30,овощи,юг,262.0
2023-06-30,фрукты,восток,409.0
2023-09-30,овощи,восток,0.0
2019-04-30,мясо,юг,639.0
2024-09-30,молочные продукты,запад,996.0
2022-08-31,фрукты,восток,0.0
2020-06-30,фрукты,восток,0.0
2018-10-31,овощи,запад,0.0
2023-09-30,мясо,восток,753.0
2024-05-31,молочные продукты,восток,0.0
2024-02-29,молочные продукты,юг,67.0
2019-05-31,фрукты,юг,0.0
2023-10-31,овощи,юг,663.0
2021-02-28,мясо,юг,172.0
2019-02-28,мясо,юг,0.0
2018-01-31,овощи,юг,958.0
2018-09-30,мясо,юг,518.0
2018-10-31,зерновые,север,0.0
2020-07-31,молочные продукты,восток,0.0
2021-03-31,зерновые,север,0.0
2021-04-30,фрукты,север,959.0
2019-04-30,неправильная категория,север,0.0
2020-10-31,овощи,запад,0.0
2023-12-31,молочные продукты,юг,213.0
2019-03-31,зерновые,юг,281.0
2020-09-30,фрукты,запад,155.0
2019-03-31,зерновые,север,649.0
2021-02-28,фрукты,юг,191.0
2018-01-31,мясо,восток,5.0
2018-07-31,зерновые,восток,551.0
2021-04-30,овощи,юг,12903.0
2021-09-30,мясо,север,0.0
2023-02-28,зерновые,юг,540.0
2022-04-30,мясо,север,43.0
2024-02-29,овощи,юг,0.0
2022-07-31,фрукты,восток,95.0
2019-12-31,фрукты,запад,490.0
2021-04-30,фрукты,юг,947.0
2021-01-31,зерновые,юг,0.0
2018-08-31,зерновые,восток,763.0
2018-10-31,овощи,север,334.0
2024-02-29,овощи,юг,310.0
